,arrived,departed,reward,round,steps,time
0,0.0,14.0,0.0,0.0,1608.0,2019-12-07 17:10:38.074424
1,0.0,14.0,0.0,0.0,1608.0,2019-12-07 17:11:29.280145
2,1.0,14.0,1.0,0.0,1608.0,2019-12-07 17:12:27.718291
3,2.0,14.0,1.0,0.0,1608.0,2019-12-07 17:13:24.171524
4,2.0,14.0,0.0,0.0,1608.0,2019-12-07 17:14:18.812396
5,3.0,14.0,1.0,0.0,1608.0,2019-12-07 17:15:08.456183
6,4.0,14.0,1.0,0.0,1608.0,2019-12-07 17:16:11.978173
7,5.0,14.0,1.0,0.0,1608.0,2019-12-07 17:16:55.552209
8,6.0,14.0,1.0,0.0,1608.0,2019-12-07 17:17:33.258599
9,8.0,14.0,2.0,0.0,1608.0,2019-12-07 17:18:22.125301
10,8.0,14.0,0.0,0.0,1608.0,2019-12-07 17:19:22.811065
11,9.0,14.0,1.0,0.0,1608.0,2019-12-07 17:20:22.783025
12,10.0,14.0,1.0,0.0,1608.0,2019-12-07 17:21:16.080381
13,11.0,14.0,1.0,0.0,1608.0,2019-12-07 17:22:17.001598
14,12.0,14.0,1.0,0.0,1608.0,2019-12-07 17:23:09.232457
15,14.0,14.0,2.0,0.0,1608.0,2019-12-07 17:24:00.903221
16,15.0,14.0,1.0,0.0,1608.0,2019-12-07 17:24:50.375692
17,15.0,14.0,0.0,0.0,1608.0,2019-12-07 17:25:45.173379
18,18.0,14.0,3.0,0.0,1608.0,2019-12-07 17:26:31.481403
19,19.0,14.0,1.0,0.0,1608.0,2019-12-07 17:27:22.206366
20,2.0,14.0,2.0,1.0,1608.0,2019-12-07 17:28:06.658903
21,2.0,14.0,0.0,1.0,1608.0,2019-12-07 17:28:49.840244
22,4.0,14.0,2.0,1.0,1608.0,2019-12-07 17:29:41.194988
23,5.0,14.0,1.0,1.0,1608.0,2019-12-07 17:30:31.749943
24,6.0,14.0,1.0,1.0,1608.0,2019-12-07 17:31:14.848627
25,6.0,14.0,0.0,1.0,1608.0,2019-12-07 17:31:58.496766
26,6.0,14.0,0.0,1.0,1608.0,2019-12-07 17:32:45.652479
27,6.0,14.0,0.0,1.0,1608.0,2019-12-07 17:33:33.427877
28,7.0,14.0,1.0,1.0,1608.0,2019-12-07 17:34:12.467706
29,8.0,14.0,1.0,1.0,1608.0,2019-12-07 17:34:59.286299
30,9.0,14.0,1.0,1.0,1608.0,2019-12-07 17:35:41.821172
31,11.0,14.0,2.0,1.0,1608.0,2019-12-07 17:36:25.769119
32,12.0,14.0,1.0,1.0,1608.0,2019-12-07 17:37:11.208764
33,12.0,14.0,0.0,1.0,1608.0,2019-12-07 17:38:04.884892
34,13.0,14.0,1.0,1.0,1608.0,2019-12-07 17:38:57.038905
35,13.0,14.0,0.0,1.0,1608.0,2019-12-07 17:39:47.057847
36,13.0,14.0,0.0,1.0,1608.0,2019-12-07 17:40:43.275740
37,13.0,14.0,0.0,1.0,1608.0,2019-12-07 17:41:28.514907
38,13.0,14.0,0.0,1.0,1608.0,2019-12-07 17:42:16.931734
39,15.0,14.0,2.0,1.0,1608.0,2019-12-07 17:43:03.866641
40,0.0,14.0,0.0,2.0,1608.0,2019-12-07 17:43:45.304018
41,0.0,14.0,0.0,2.0,1608.0,2019-12-07 17:44:27.256992
42,0.0,14.0,0.0,2.0,1608.0,2019-12-07 17:45:16.771389
43,0.0,14.0,0.0,2.0,1608.0,2019-12-07 17:46:11.233580
44,0.0,14.0,0.0,2.0,1608.0,2019-12-07 17:46:56.206191
45,0.0,14.0,0.0,2.0,1608.0,2019-12-07 17:47:44.551577
46,0.0,14.0,0.0,2.0,1608.0,2019-12-07 17:48:29.331051
47,0.0,14.0,0.0,2.0,1608.0,2019-12-07 17:49:14.486205
48,0.0,14.0,0.0,2.0,1608.0,2019-12-07 17:49:55.569407
49,1.0,14.0,1.0,2.0,1608.0,2019-12-07 17:50:37.699757
50,2.0,14.0,1.0,2.0,1608.0,2019-12-07 17:51:18.143022
51,2.0,14.0,0.0,2.0,1608.0,2019-12-07 17:52:06.208096
52,2.0,14.0,0.0,2.0,1608.0,2019-12-07 17:52:56.960019
53,2.0,14.0,0.0,2.0,1608.0,2019-12-07 17:53:43.072792
54,2.0,14.0,0.0,2.0,1608.0,2019-12-07 17:54:23.479928
55,2.0,14.0,0.0,2.0,1608.0,2019-12-07 17:55:04.811138
56,2.0,14.0,0.0,2.0,1608.0,2019-12-07 17:55:44.294936
57,2.0,14.0,0.0,2.0,1608.0,2019-12-07 17:56:18.701283
58,2.0,14.0,0.0,2.0,1608.0,2019-12-07 17:56:58.765102
59,2.0,14.0,0.0,2.0,1608.0,2019-12-07 17:57:38.722264
60,0.0,14.0,0.0,3.0,1608.0,2019-12-07 17:58:18.687005
61,0.0,14.0,0.0,3.0,1608.0,2019-12-07 17:58:54.973119
62,0.0,14.0,0.0,3.0,1608.0,2019-12-07 17:59:39.785669
63,0.0,14.0,0.0,3.0,1608.0,2019-12-07 18:00:27.071453
64,0.0,14.0,0.0,3.0,1608.0,2019-12-07 18:01:09.978952
65,0.0,14.0,0.0,3.0,1608.0,2019-12-07 18:01:56.974263
66,0.0,14.0,0.0,3.0,1608.0,2019-12-07 18:02:37.712332
67,0.0,14.0,0.0,3.0,1608.0,2019-12-07 18:03:17.487893
68,0.0,14.0,0.0,3.0,1608.0,2019-12-07 18:03:59.174252
69,1.0,14.0,1.0,3.0,1608.0,2019-12-07 18:04:38.836453
70,1.0,14.0,0.0,3.0,1608.0,2019-12-07 18:05:21.854148
71,1.0,14.0,0.0,3.0,1608.0,2019-12-07 18:06:06.215467
72,1.0,14.0,0.0,3.0,1608.0,2019-12-07 18:06:56.581653
73,1.0,14.0,0.0,3.0,1608.0,2019-12-07 18:07:43.374632
74,1.0,14.0,0.0,3.0,1608.0,2019-12-07 18:08:24.374325
75,1.0,14.0,0.0,3.0,1608.0,2019-12-07 18:09:07.251824
76,1.0,14.0,0.0,3.0,1608.0,2019-12-07 18:09:49.520818
77,1.0,14.0,0.0,3.0,1608.0,2019-12-07 18:10:32.581299
78,1.0,14.0,0.0,3.0,1608.0,2019-12-07 18:11:12.998962
79,1.0,14.0,0.0,3.0,1608.0,2019-12-07 18:11:53.952196
80,0.0,14.0,0.0,4.0,1608.0,2019-12-07 18:12:40.934886
81,0.0,14.0,0.0,4.0,1608.0,2019-12-07 18:13:24.059110
82,0.0,14.0,0.0,4.0,1608.0,2019-12-07 18:14:13.321763
83,1.0,14.0,1.0,4.0,1608.0,2019-12-07 18:15:05.929808
84,1.0,14.0,0.0,4.0,1608.0,2019-12-07 18:15:48.369181
85,1.0,14.0,0.0,4.0,1608.0,2019-12-07 18:16:30.338690
86,1.0,14.0,0.0,4.0,1608.0,2019-12-07 18:17:19.449170
87,1.0,14.0,0.0,4.0,1608.0,2019-12-07 18:18:04.544829
88,1.0,14.0,0.0,4.0,1608.0,2019-12-07 18:18:46.760182
89,3.0,14.0,2.0,4.0,1608.0,2019-12-07 18:19:35.619632
90,5.0,14.0,2.0,4.0,1608.0,2019-12-07 18:20:24.095207
91,5.0,14.0,0.0,4.0,1608.0,2019-12-07 18:21:05.608716
92,5.0,14.0,0.0,4.0,1608.0,2019-12-07 18:21:52.977681
93,5.0,14.0,0.0,4.0,1608.0,2019-12-07 18:22:43.802230
94,5.0,14.0,0.0,4.0,1608.0,2019-12-07 18:23:34.310276
95,7.0,14.0,2.0,4.0,1608.0,2019-12-07 18:24:17.850176
96,8.0,14.0,1.0,4.0,1608.0,2019-12-07 18:25:01.122961
97,8.0,14.0,0.0,4.0,1608.0,2019-12-07 18:25:43.656569
98,9.0,14.0,1.0,4.0,1608.0,2019-12-07 18:26:29.001611
99,9.0,14.0,0.0,4.0,1608.0,2019-12-07 18:27:13.396962
100,0.0,14.0,0.0,5.0,1608.0,2019-12-07 18:27:54.774074
101,0.0,14.0,0.0,5.0,1608.0,2019-12-07 18:28:33.632902
102,0.0,14.0,0.0,5.0,1608.0,2019-12-07 18:29:18.883372
103,1.0,14.0,1.0,5.0,1608.0,2019-12-07 18:30:04.767603
104,1.0,14.0,0.0,5.0,1608.0,2019-12-07 18:30:48.524336
105,1.0,14.0,0.0,5.0,1608.0,2019-12-07 18:31:39.129686
106,2.0,14.0,1.0,5.0,1608.0,2019-12-07 18:32:20.098848
107,2.0,14.0,0.0,5.0,1608.0,2019-12-07 18:33:00.126844
108,2.0,14.0,0.0,5.0,1608.0,2019-12-07 18:33:47.698718
109,3.0,14.0,1.0,5.0,1608.0,2019-12-07 18:34:28.935206
110,3.0,14.0,0.0,5.0,1608.0,2019-12-07 18:35:10.542447
111,3.0,14.0,0.0,5.0,1608.0,2019-12-07 18:35:54.437258
112,3.0,14.0,0.0,5.0,1608.0,2019-12-07 18:36:51.197495
113,3.0,14.0,0.0,5.0,1608.0,2019-12-07 18:37:38.084757
114,3.0,14.0,0.0,5.0,1608.0,2019-12-07 18:38:25.524753
115,4.0,14.0,1.0,5.0,1608.0,2019-12-07 18:39:16.204131
116,4.0,14.0,0.0,5.0,1608.0,2019-12-07 18:39:59.402475
117,4.0,14.0,0.0,5.0,1608.0,2019-12-07 18:40:47.188723
118,5.0,14.0,1.0,5.0,1608.0,2019-12-07 18:41:30.510704
119,5.0,14.0,0.0,5.0,1608.0,2019-12-07 18:42:13.435035
120,1.0,14.0,1.0,6.0,1608.0,2019-12-07 18:42:56.109205
121,1.0,14.0,0.0,6.0,1608.0,2019-12-07 18:43:38.678276
122,1.0,14.0,0.0,6.0,1608.0,2019-12-07 18:44:26.307107
123,2.0,14.0,1.0,6.0,1608.0,2019-12-07 18:45:13.532885
124,2.0,14.0,0.0,6.0,1608.0,2019-12-07 18:45:58.060264
125,2.0,14.0,0.0,6.0,1608.0,2019-12-07 18:46:42.196269
126,3.0,14.0,1.0,6.0,1608.0,2019-12-07 18:47:34.086698
127,3.0,14.0,0.0,6.0,1608.0,2019-12-07 18:48:13.242893
128,3.0,14.0,0.0,6.0,1608.0,2019-12-07 18:49:02.566097
129,4.0,14.0,1.0,6.0,1608.0,2019-12-07 18:49:48.735597
130,4.0,14.0,0.0,6.0,1608.0,2019-12-07 18:50:32.786322
131,4.0,14.0,0.0,6.0,1608.0,2019-12-07 18:51:25.309527
132,4.0,14.0,0.0,6.0,1608.0,2019-12-07 18:52:06.361361
133,5.0,14.0,1.0,6.0,1608.0,2019-12-07 18:52:50.277754
134,5.0,14.0,0.0,6.0,1608.0,2019-12-07 18:53:34.852219
135,5.0,14.0,0.0,6.0,1608.0,2019-12-07 18:54:23.296156
136,5.0,14.0,0.0,6.0,1608.0,2019-12-07 18:55:11.451761
137,5.0,14.0,0.0,6.0,1608.0,2019-12-07 18:55:55.719266
138,6.0,14.0,1.0,6.0,1608.0,2019-12-07 18:56:45.337681
139,6.0,14.0,0.0,6.0,1608.0,2019-12-07 18:57:28.145159
140,0.0,14.0,0.0,7.0,1608.0,2019-12-07 18:58:16.715736
141,0.0,14.0,0.0,7.0,1608.0,2019-12-07 18:59:05.438238
142,1.0,14.0,1.0,7.0,1608.0,2019-12-07 18:59:58.532225
143,2.0,14.0,1.0,7.0,1608.0,2019-12-07 19:00:59.592022
144,3.0,14.0,1.0,7.0,1608.0,2019-12-07 19:01:44.084667
145,5.0,14.0,2.0,7.0,1608.0,2019-12-07 19:02:30.557431
146,5.0,14.0,0.0,7.0,1608.0,2019-12-07 19:03:17.835326
147,5.0,14.0,0.0,7.0,1608.0,2019-12-07 19:03:58.495566
148,5.0,14.0,0.0,7.0,1608.0,2019-12-07 19:04:48.620312
149,5.0,14.0,0.0,7.0,1608.0,2019-12-07 19:05:35.241654
150,8.0,14.0,3.0,7.0,1608.0,2019-12-07 19:06:14.363993
151,8.0,14.0,0.0,7.0,1608.0,2019-12-07 19:07:02.699129
152,8.0,14.0,0.0,7.0,1608.0,2019-12-07 19:07:52.635455
153,8.0,14.0,0.0,7.0,1608.0,2019-12-07 19:08:43.017245
154,9.0,14.0,1.0,7.0,1608.0,2019-12-07 19:09:22.117019
155,9.0,14.0,0.0,7.0,1608.0,2019-12-07 19:10:07.105278
156,9.0,14.0,0.0,7.0,1608.0,2019-12-07 19:10:58.974342
157,9.0,14.0,0.0,7.0,1608.0,2019-12-07 19:11:50.157514
158,10.0,14.0,1.0,7.0,1608.0,2019-12-07 19:12:36.902511
159,12.0,14.0,2.0,7.0,1608.0,2019-12-07 19:13:30.513016
160,1.0,14.0,1.0,8.0,1608.0,2019-12-07 19:14:14.339973
161,1.0,14.0,0.0,8.0,1608.0,2019-12-07 19:15:02.365993
162,4.0,14.0,3.0,8.0,1608.0,2019-12-07 19:15:52.119209
163,5.0,14.0,1.0,8.0,1608.0,2019-12-07 19:16:53.327872
164,6.0,14.0,1.0,8.0,1608.0,2019-12-07 19:17:43.920902
165,6.0,14.0,0.0,8.0,1608.0,2019-12-07 19:18:34.354558
166,7.0,14.0,1.0,8.0,1608.0,2019-12-07 19:19:21.627152
167,7.0,14.0,0.0,8.0,1608.0,2019-12-07 19:20:06.869547
168,7.0,14.0,0.0,8.0,1608.0,2019-12-07 19:20:58.665475
169,8.0,14.0,1.0,8.0,1608.0,2019-12-07 19:21:45.354575
170,10.0,14.0,2.0,8.0,1608.0,2019-12-07 19:22:33.387562
171,11.0,14.0,1.0,8.0,1608.0,2019-12-07 19:23:29.546604
172,12.0,14.0,1.0,8.0,1608.0,2019-12-07 19:24:18.465508
173,12.0,14.0,0.0,8.0,1608.0,2019-12-07 19:25:22.785111
174,13.0,14.0,1.0,8.0,1608.0,2019-12-07 19:26:17.722666
175,13.0,14.0,0.0,8.0,1608.0,2019-12-07 19:27:07.909947
176,13.0,14.0,0.0,8.0,1608.0,2019-12-07 19:28:06.366676
177,13.0,14.0,0.0,8.0,1608.0,2019-12-07 19:28:54.684558
178,14.0,14.0,1.0,8.0,1608.0,2019-12-07 19:29:41.026260
179,15.0,14.0,1.0,8.0,1608.0,2019-12-07 19:30:25.607292
180,0.0,14.0,0.0,9.0,1608.0,2019-12-07 19:31:10.516728
181,0.0,14.0,0.0,9.0,1608.0,2019-12-07 19:32:05.979170
182,4.0,14.0,4.0,9.0,1608.0,2019-12-07 19:32:57.144427
183,4.0,14.0,0.0,9.0,1608.0,2019-12-07 19:33:46.115713
184,5.0,14.0,1.0,9.0,1608.0,2019-12-07 19:34:38.123203
185,7.0,14.0,2.0,9.0,1608.0,2019-12-07 19:35:31.505771
186,7.0,14.0,0.0,9.0,1608.0,2019-12-07 19:36:20.085300
187,9.0,14.0,2.0,9.0,1608.0,2019-12-07 19:37:08.477869
188,9.0,14.0,0.0,9.0,1608.0,2019-12-07 19:38:01.584689
189,11.0,14.0,2.0,9.0,1608.0,2019-12-07 19:38:39.543105
190,12.0,14.0,1.0,9.0,1608.0,2019-12-07 19:39:23.500116
191,13.0,14.0,1.0,9.0,1608.0,2019-12-07 19:40:16.654603
192,14.0,14.0,1.0,9.0,1608.0,2019-12-07 19:40:57.263976
193,15.0,14.0,1.0,9.0,1608.0,2019-12-07 19:41:46.012222
194,15.0,14.0,0.0,9.0,1608.0,2019-12-07 19:42:39.699390
195,16.0,14.0,1.0,9.0,1608.0,2019-12-07 19:43:26.091092
196,16.0,14.0,0.0,9.0,1608.0,2019-12-07 19:44:24.018319
197,16.0,14.0,0.0,9.0,1608.0,2019-12-07 19:45:11.683647
198,19.0,14.0,3.0,9.0,1608.0,2019-12-07 19:46:00.392084
199,20.0,14.0,1.0,9.0,1608.0,2019-12-07 19:46:51.858202
200,0.0,14.0,0.0,10.0,1608.0,2019-12-07 19:47:49.507700
201,0.0,14.0,0.0,10.0,1608.0,2019-12-07 19:48:34.107661
202,3.0,14.0,3.0,10.0,1608.0,2019-12-07 19:49:24.094049
203,5.0,14.0,2.0,10.0,1608.0,2019-12-07 19:50:13.844172
204,5.0,14.0,0.0,10.0,1608.0,2019-12-07 19:51:10.916281
205,7.0,14.0,2.0,10.0,1608.0,2019-12-07 19:52:06.012694
206,8.0,14.0,1.0,10.0,1608.0,2019-12-07 19:52:53.855183
207,9.0,14.0,1.0,10.0,1608.0,2019-12-07 19:53:39.685094
208,9.0,14.0,0.0,10.0,1608.0,2019-12-07 19:54:27.831361
209,9.0,14.0,0.0,10.0,1608.0,2019-12-07 19:55:15.353565
210,10.0,14.0,1.0,10.0,1608.0,2019-12-07 19:56:02.839102
211,11.0,14.0,1.0,10.0,1608.0,2019-12-07 19:56:59.127736
212,12.0,14.0,1.0,10.0,1608.0,2019-12-07 19:57:55.424895
213,12.0,14.0,0.0,10.0,1608.0,2019-12-07 19:58:34.383952
214,12.0,14.0,0.0,10.0,1608.0,2019-12-07 19:59:26.946455
215,14.0,14.0,2.0,10.0,1608.0,2019-12-07 20:00:20.580879
216,14.0,14.0,0.0,10.0,1608.0,2019-12-07 20:01:24.905796
217,14.0,14.0,0.0,10.0,1608.0,2019-12-07 20:02:16.943412
218,16.0,14.0,2.0,10.0,1608.0,2019-12-07 20:03:09.913898
219,16.0,14.0,0.0,10.0,1608.0,2019-12-07 20:03:56.893107
220,1.0,14.0,1.0,11.0,1608.0,2019-12-07 20:04:59.554020
221,2.0,14.0,1.0,11.0,1608.0,2019-12-07 20:05:47.430952
222,3.0,14.0,1.0,11.0,1608.0,2019-12-07 20:06:34.506692
223,6.0,14.0,3.0,11.0,1608.0,2019-12-07 20:07:26.523756
224,6.0,14.0,0.0,11.0,1608.0,2019-12-07 20:08:22.628444
225,8.0,14.0,2.0,11.0,1608.0,2019-12-07 20:09:22.831569
226,8.0,14.0,0.0,11.0,1608.0,2019-12-07 20:10:11.210421
227,8.0,14.0,0.0,11.0,1608.0,2019-12-07 20:10:59.993649
228,8.0,14.0,0.0,11.0,1608.0,2019-12-07 20:11:42.511300
229,8.0,14.0,0.0,11.0,1608.0,2019-12-07 20:12:28.910268
230,8.0,14.0,0.0,11.0,1608.0,2019-12-07 20:13:14.350486
231,8.0,14.0,0.0,11.0,1608.0,2019-12-07 20:14:07.912605
232,9.0,14.0,1.0,11.0,1608.0,2019-12-07 20:14:53.816835
233,9.0,14.0,0.0,11.0,1608.0,2019-12-07 20:15:50.839864
234,10.0,14.0,1.0,11.0,1608.0,2019-12-07 20:16:37.150638
235,10.0,14.0,0.0,11.0,1608.0,2019-12-07 20:17:28.447933
236,10.0,14.0,0.0,11.0,1608.0,2019-12-07 20:18:24.428131
237,10.0,14.0,0.0,11.0,1608.0,2019-12-07 20:19:19.621809
238,10.0,14.0,0.0,11.0,1608.0,2019-12-07 20:20:10.345810
239,10.0,14.0,0.0,11.0,1608.0,2019-12-07 20:20:56.988773
240,1.0,14.0,1.0,12.0,1608.0,2019-12-07 20:21:49.216541
241,2.0,14.0,1.0,12.0,1608.0,2019-12-07 20:22:33.213555
242,2.0,14.0,0.0,12.0,1608.0,2019-12-07 20:23:32.347102
243,3.0,14.0,1.0,12.0,1608.0,2019-12-07 20:24:28.933979
244,6.0,14.0,3.0,12.0,1608.0,2019-12-07 20:25:20.528993
245,9.0,14.0,3.0,12.0,1608.0,2019-12-07 20:26:07.638440
246,11.0,14.0,2.0,12.0,1608.0,2019-12-07 20:26:59.549232
247,11.0,14.0,0.0,12.0,1608.0,2019-12-07 20:27:44.590064
248,12.0,14.0,1.0,12.0,1608.0,2019-12-07 20:28:35.873934
249,12.0,14.0,0.0,12.0,1608.0,2019-12-07 20:29:21.630872
250,14.0,14.0,2.0,12.0,1608.0,2019-12-07 20:29:59.809409
251,15.0,14.0,1.0,12.0,1608.0,2019-12-07 20:30:49.588327
252,16.0,14.0,1.0,12.0,1608.0,2019-12-07 20:31:30.332966
253,18.0,14.0,2.0,12.0,1608.0,2019-12-07 20:32:23.882505
254,18.0,14.0,0.0,12.0,1608.0,2019-12-07 20:33:16.051939
255,22.0,14.0,4.0,12.0,1608.0,2019-12-07 20:33:59.861059
256,22.0,14.0,0.0,12.0,1608.0,2019-12-07 20:34:55.648187
257,24.0,14.0,2.0,12.0,1608.0,2019-12-07 20:35:46.160152
258,26.0,14.0,2.0,12.0,1608.0,2019-12-07 20:36:32.367915
259,26.0,14.0,0.0,12.0,1608.0,2019-12-07 20:37:25.737427
260,2.0,14.0,2.0,13.0,1608.0,2019-12-07 20:38:29.065303
261,2.0,14.0,0.0,13.0,1608.0,2019-12-07 20:39:14.115542
262,4.0,14.0,2.0,13.0,1608.0,2019-12-07 20:40:00.844692
263,4.0,14.0,0.0,13.0,1608.0,2019-12-07 20:40:52.142056
264,5.0,14.0,1.0,13.0,1608.0,2019-12-07 20:41:44.009617
265,6.0,14.0,1.0,13.0,1608.0,2019-12-07 20:42:41.593542
266,8.0,14.0,2.0,13.0,1608.0,2019-12-07 20:43:48.106262
267,8.0,14.0,0.0,13.0,1608.0,2019-12-07 20:44:38.115565
268,9.0,14.0,1.0,13.0,1608.0,2019-12-07 20:45:25.699728
269,9.0,14.0,0.0,13.0,1608.0,2019-12-07 20:46:17.546438
270,10.0,14.0,1.0,13.0,1608.0,2019-12-07 20:47:06.903400
271,10.0,14.0,0.0,13.0,1608.0,2019-12-07 20:47:55.891369
272,11.0,14.0,1.0,13.0,1608.0,2019-12-07 20:48:58.440950
273,13.0,14.0,2.0,13.0,1608.0,2019-12-07 20:49:59.263183
274,13.0,14.0,0.0,13.0,1608.0,2019-12-07 20:50:50.889132
275,14.0,14.0,1.0,13.0,1608.0,2019-12-07 20:51:30.786209
276,16.0,14.0,2.0,13.0,1608.0,2019-12-07 20:52:22.775189
277,17.0,14.0,1.0,13.0,1608.0,2019-12-07 20:53:16.074016
278,17.0,14.0,0.0,13.0,1608.0,2019-12-07 20:54:18.241513
279,18.0,14.0,1.0,13.0,1608.0,2019-12-07 20:55:14.542749
280,0.0,14.0,0.0,14.0,1608.0,2019-12-07 20:56:00.457160
281,0.0,14.0,0.0,14.0,1608.0,2019-12-07 20:56:47.355494
282,0.0,14.0,0.0,14.0,1608.0,2019-12-07 20:57:38.678826
283,0.0,14.0,0.0,14.0,1608.0,2019-12-07 20:58:23.475763
284,0.0,14.0,0.0,14.0,1608.0,2019-12-07 20:59:16.084121
285,0.0,14.0,0.0,14.0,1608.0,2019-12-07 21:00:08.778418
286,0.0,14.0,0.0,14.0,1608.0,2019-12-07 21:01:16.111482
287,1.0,14.0,1.0,14.0,1608.0,2019-12-07 21:02:05.573318
288,1.0,14.0,0.0,14.0,1608.0,2019-12-07 21:02:49.496808
289,2.0,14.0,1.0,14.0,1608.0,2019-12-07 21:03:37.251709
290,2.0,14.0,0.0,14.0,1608.0,2019-12-07 21:04:21.715796
291,3.0,14.0,1.0,14.0,1608.0,2019-12-07 21:05:20.513580
292,5.0,14.0,2.0,14.0,1608.0,2019-12-07 21:06:01.994054
293,5.0,14.0,0.0,14.0,1608.0,2019-12-07 21:06:46.703343
294,7.0,14.0,2.0,14.0,1608.0,2019-12-07 21:07:43.761525
295,8.0,14.0,1.0,14.0,1608.0,2019-12-07 21:08:36.380048
296,9.0,14.0,1.0,14.0,1608.0,2019-12-07 21:09:16.619485
297,9.0,14.0,0.0,14.0,1608.0,2019-12-07 21:10:16.566158
298,11.0,14.0,2.0,14.0,1608.0,2019-12-07 21:11:07.635986
299,12.0,14.0,1.0,14.0,1608.0,2019-12-07 21:12:00.447610
300,0.0,14.0,0.0,15.0,1608.0,2019-12-07 21:12:49.707486
301,0.0,14.0,0.0,15.0,1608.0,2019-12-07 21:13:34.289353
302,1.0,14.0,1.0,15.0,1608.0,2019-12-07 21:14:26.972161
303,4.0,14.0,3.0,15.0,1608.0,2019-12-07 21:15:17.872228
304,4.0,14.0,0.0,15.0,1608.0,2019-12-07 21:16:06.012782
305,7.0,14.0,3.0,15.0,1608.0,2019-12-07 21:16:58.802044
306,7.0,14.0,0.0,15.0,1608.0,2019-12-07 21:17:43.395574
307,8.0,14.0,1.0,15.0,1608.0,2019-12-07 21:18:26.621799
308,10.0,14.0,2.0,15.0,1608.0,2019-12-07 21:19:10.252099
309,11.0,14.0,1.0,15.0,1608.0,2019-12-07 21:19:59.912378
310,13.0,14.0,2.0,15.0,1608.0,2019-12-07 21:20:48.843856
311,14.0,14.0,1.0,15.0,1608.0,2019-12-07 21:21:31.434026
312,15.0,14.0,1.0,15.0,1608.0,2019-12-07 21:22:27.349858
313,16.0,14.0,1.0,15.0,1608.0,2019-12-07 21:23:33.280819
314,16.0,14.0,0.0,15.0,1608.0,2019-12-07 21:24:30.705390
315,17.0,14.0,1.0,15.0,1608.0,2019-12-07 21:25:21.754423
316,18.0,14.0,1.0,15.0,1608.0,2019-12-07 21:26:02.984859
317,20.0,14.0,2.0,15.0,1608.0,2019-12-07 21:26:50.362369
318,20.0,14.0,0.0,15.0,1608.0,2019-12-07 21:27:33.318035
319,20.0,14.0,0.0,15.0,1608.0,2019-12-07 21:28:19.965343
320,2.0,14.0,2.0,16.0,1608.0,2019-12-07 21:29:15.220366
321,2.0,14.0,0.0,16.0,1608.0,2019-12-07 21:29:59.449899
322,5.0,14.0,3.0,16.0,1608.0,2019-12-07 21:30:53.931889
323,5.0,14.0,0.0,16.0,1608.0,2019-12-07 21:31:43.842764
324,6.0,14.0,1.0,16.0,1608.0,2019-12-07 21:32:25.817924
325,7.0,14.0,1.0,16.0,1608.0,2019-12-07 21:33:15.834118
326,7.0,14.0,0.0,16.0,1608.0,2019-12-07 21:34:28.702966
327,7.0,14.0,0.0,16.0,1608.0,2019-12-07 21:35:14.481332
328,8.0,14.0,1.0,16.0,1608.0,2019-12-07 21:36:11.511029
329,8.0,14.0,0.0,16.0,1608.0,2019-12-07 21:36:56.009687
330,8.0,14.0,0.0,16.0,1608.0,2019-12-07 21:37:44.298057
331,8.0,14.0,0.0,16.0,1608.0,2019-12-07 21:38:34.494618
332,11.0,14.0,3.0,16.0,1608.0,2019-12-07 21:39:23.477366
333,12.0,14.0,1.0,16.0,1608.0,2019-12-07 21:40:07.059593
334,12.0,14.0,0.0,16.0,1608.0,2019-12-07 21:41:10.809683
335,15.0,14.0,3.0,16.0,1608.0,2019-12-07 21:42:05.913578
336,15.0,14.0,0.0,16.0,1608.0,2019-12-07 21:43:01.002067
337,15.0,14.0,0.0,16.0,1608.0,2019-12-07 21:43:45.384387
338,17.0,14.0,2.0,16.0,1608.0,2019-12-07 21:44:27.654037
339,18.0,14.0,1.0,16.0,1608.0,2019-12-07 21:45:21.512481
340,1.0,14.0,1.0,17.0,1608.0,2019-12-07 21:46:03.097847
341,1.0,14.0,0.0,17.0,1608.0,2019-12-07 21:46:47.966514
342,3.0,14.0,2.0,17.0,1608.0,2019-12-07 21:47:39.046057
343,6.0,14.0,3.0,17.0,1608.0,2019-12-07 21:48:28.596741
344,6.0,14.0,0.0,17.0,1608.0,2019-12-07 21:49:20.563792
345,7.0,14.0,1.0,17.0,1608.0,2019-12-07 21:50:11.068001
346,8.0,14.0,1.0,17.0,1608.0,2019-12-07 21:51:04.535075
347,9.0,14.0,1.0,17.0,1608.0,2019-12-07 21:51:47.568941
348,10.0,14.0,1.0,17.0,1608.0,2019-12-07 21:52:34.231424
349,11.0,14.0,1.0,17.0,1608.0,2019-12-07 21:53:17.785898
350,12.0,14.0,1.0,17.0,1608.0,2019-12-07 21:54:06.055319
351,12.0,14.0,0.0,17.0,1608.0,2019-12-07 21:55:00.472232
352,14.0,14.0,2.0,17.0,1608.0,2019-12-07 21:55:43.081111
353,16.0,14.0,2.0,17.0,1608.0,2019-12-07 21:56:32.323460
354,17.0,14.0,1.0,17.0,1608.0,2019-12-07 21:57:15.681346
355,17.0,14.0,0.0,17.0,1608.0,2019-12-07 21:58:05.600722
356,17.0,14.0,0.0,17.0,1608.0,2019-12-07 21:58:53.996412
357,18.0,14.0,1.0,17.0,1608.0,2019-12-07 21:59:38.365180
358,20.0,14.0,2.0,17.0,1608.0,2019-12-07 22:00:35.031892
359,21.0,14.0,1.0,17.0,1608.0,2019-12-07 22:01:27.226672
360,1.0,14.0,1.0,18.0,1608.0,2019-12-07 22:02:21.800761
361,1.0,14.0,0.0,18.0,1608.0,2019-12-07 22:03:06.932125
362,2.0,14.0,1.0,18.0,1608.0,2019-12-07 22:04:07.753921
363,3.0,14.0,1.0,18.0,1608.0,2019-12-07 22:05:00.206170
364,6.0,14.0,3.0,18.0,1608.0,2019-12-07 22:05:42.872308
365,8.0,14.0,2.0,18.0,1608.0,2019-12-07 22:06:30.075923
366,9.0,14.0,1.0,18.0,1608.0,2019-12-07 22:07:05.134608
367,12.0,14.0,3.0,18.0,1608.0,2019-12-07 22:07:44.623681
368,12.0,14.0,0.0,18.0,1608.0,2019-12-07 22:08:31.062050
369,15.0,14.0,3.0,18.0,1608.0,2019-12-07 22:09:10.146722
370,17.0,14.0,2.0,18.0,1608.0,2019-12-07 22:09:52.638670
371,17.0,14.0,0.0,18.0,1608.0,2019-12-07 22:10:49.744922
372,19.0,14.0,2.0,18.0,1608.0,2019-12-07 22:11:39.014007
373,19.0,14.0,0.0,18.0,1608.0,2019-12-07 22:12:26.563673
374,20.0,14.0,1.0,18.0,1608.0,2019-12-07 22:13:19.334290
375,22.0,14.0,2.0,18.0,1608.0,2019-12-07 22:14:02.898898
376,22.0,14.0,0.0,18.0,1608.0,2019-12-07 22:14:59.736826
377,22.0,14.0,0.0,18.0,1608.0,2019-12-07 22:15:39.038369
378,22.0,14.0,0.0,18.0,1608.0,2019-12-07 22:16:30.016908
379,22.0,14.0,0.0,18.0,1608.0,2019-12-07 22:17:19.194651
380,0.0,14.0,0.0,19.0,1608.0,2019-12-07 22:18:18.052694
381,0.0,14.0,0.0,19.0,1608.0,2019-12-07 22:19:04.175773
382,0.0,14.0,0.0,19.0,1608.0,2019-12-07 22:19:52.617924
383,2.0,14.0,2.0,19.0,1608.0,2019-12-07 22:20:43.280341
384,4.0,14.0,2.0,19.0,1608.0,2019-12-07 22:21:36.358312
385,5.0,14.0,1.0,19.0,1608.0,2019-12-07 22:22:34.470939
386,6.0,14.0,1.0,19.0,1608.0,2019-12-07 22:23:34.367232
387,7.0,14.0,1.0,19.0,1608.0,2019-12-07 22:24:30.840181
388,7.0,14.0,0.0,19.0,1608.0,2019-12-07 22:25:24.200870
389,8.0,14.0,1.0,19.0,1608.0,2019-12-07 22:26:04.901667
390,8.0,14.0,0.0,19.0,1608.0,2019-12-07 22:26:51.766330
391,8.0,14.0,0.0,19.0,1608.0,2019-12-07 22:27:46.491933
392,9.0,14.0,1.0,19.0,1608.0,2019-12-07 22:28:35.345523
393,9.0,14.0,0.0,19.0,1608.0,2019-12-07 22:29:28.130595
394,9.0,14.0,0.0,19.0,1608.0,2019-12-07 22:30:15.565845
395,10.0,14.0,1.0,19.0,1608.0,2019-12-07 22:31:14.512856
396,10.0,14.0,0.0,19.0,1608.0,2019-12-07 22:32:12.776529
397,10.0,14.0,0.0,19.0,1608.0,2019-12-07 22:32:57.691509
398,12.0,14.0,2.0,19.0,1608.0,2019-12-07 22:33:52.221101
399,12.0,14.0,0.0,19.0,1608.0,2019-12-07 22:34:34.269840
400,0.0,14.0,0.0,20.0,1608.0,2019-12-07 22:35:20.370116
401,0.0,14.0,0.0,20.0,1608.0,2019-12-07 22:36:01.234006
402,1.0,14.0,1.0,20.0,1608.0,2019-12-07 22:36:59.511425
403,2.0,14.0,1.0,20.0,1608.0,2019-12-07 22:37:52.711256
404,3.0,14.0,1.0,20.0,1608.0,2019-12-07 22:38:44.225159
405,4.0,14.0,1.0,20.0,1608.0,2019-12-07 22:39:34.001866
406,4.0,14.0,0.0,20.0,1608.0,2019-12-07 22:40:39.889598
407,4.0,14.0,0.0,20.0,1608.0,2019-12-07 22:41:23.505780
408,4.0,14.0,0.0,20.0,1608.0,2019-12-07 22:42:07.273143
409,6.0,14.0,2.0,20.0,1608.0,2019-12-07 22:42:48.613220
410,6.0,14.0,0.0,20.0,1608.0,2019-12-07 22:43:34.354171
411,6.0,14.0,0.0,20.0,1608.0,2019-12-07 22:44:32.302918
412,8.0,14.0,2.0,20.0,1608.0,2019-12-07 22:45:28.129463
413,8.0,14.0,0.0,20.0,1608.0,2019-12-07 22:46:39.465773
414,8.0,14.0,0.0,20.0,1608.0,2019-12-07 22:47:34.421769
415,10.0,14.0,2.0,20.0,1608.0,2019-12-07 22:48:27.067352
416,12.0,14.0,2.0,20.0,1608.0,2019-12-07 22:49:27.080324
417,12.0,14.0,0.0,20.0,1608.0,2019-12-07 22:50:26.263190
418,15.0,14.0,3.0,20.0,1608.0,2019-12-07 22:51:16.865944
419,15.0,14.0,0.0,20.0,1608.0,2019-12-07 22:52:08.768707
420,1.0,14.0,1.0,21.0,1608.0,2019-12-07 22:52:55.396286
421,1.0,14.0,0.0,21.0,1608.0,2019-12-07 22:53:42.130114
422,3.0,14.0,2.0,21.0,1608.0,2019-12-07 22:54:34.562285
423,3.0,14.0,0.0,21.0,1608.0,2019-12-07 22:55:21.758047
424,5.0,14.0,2.0,21.0,1608.0,2019-12-07 22:56:08.318329
425,7.0,14.0,2.0,21.0,1608.0,2019-12-07 22:57:00.340614
426,7.0,14.0,0.0,21.0,1608.0,2019-12-07 22:57:44.886616
427,7.0,14.0,0.0,21.0,1608.0,2019-12-07 22:58:23.652997
428,8.0,14.0,1.0,21.0,1608.0,2019-12-07 22:59:14.237590
429,9.0,14.0,1.0,21.0,1608.0,2019-12-07 23:00:02.420477
430,10.0,14.0,1.0,21.0,1608.0,2019-12-07 23:00:45.065976
431,11.0,14.0,1.0,21.0,1608.0,2019-12-07 23:01:39.459551
432,15.0,14.0,4.0,21.0,1608.0,2019-12-07 23:02:32.006473
433,16.0,14.0,1.0,21.0,1608.0,2019-12-07 23:03:17.658821
434,16.0,14.0,0.0,21.0,1608.0,2019-12-07 23:04:08.271823
435,16.0,14.0,0.0,21.0,1608.0,2019-12-07 23:04:54.962897
436,16.0,14.0,0.0,21.0,1608.0,2019-12-07 23:05:42.793961
437,16.0,14.0,0.0,21.0,1608.0,2019-12-07 23:06:32.274651
438,17.0,14.0,1.0,21.0,1608.0,2019-12-07 23:07:27.715902
439,19.0,14.0,2.0,21.0,1608.0,2019-12-07 23:08:22.346677
440,0.0,14.0,0.0,22.0,1608.0,2019-12-07 23:09:16.292690
441,0.0,14.0,0.0,22.0,1608.0,2019-12-07 23:10:09.846930
442,2.0,14.0,2.0,22.0,1608.0,2019-12-07 23:10:53.997478
443,3.0,14.0,1.0,22.0,1608.0,2019-12-07 23:11:42.858421
444,4.0,14.0,1.0,22.0,1608.0,2019-12-07 23:12:27.138745
445,4.0,14.0,0.0,22.0,1608.0,2019-12-07 23:13:15.673926
446,4.0,14.0,0.0,22.0,1608.0,2019-12-07 23:14:08.070982
447,4.0,14.0,0.0,22.0,1608.0,2019-12-07 23:14:53.311089
448,5.0,14.0,1.0,22.0,1608.0,2019-12-07 23:15:40.339751
449,6.0,14.0,1.0,22.0,1608.0,2019-12-07 23:16:37.707412
450,7.0,14.0,1.0,22.0,1608.0,2019-12-07 23:17:17.208132
451,8.0,14.0,1.0,22.0,1608.0,2019-12-07 23:18:05.747965
452,9.0,14.0,1.0,22.0,1608.0,2019-12-07 23:19:04.593448
453,11.0,14.0,2.0,22.0,1608.0,2019-12-07 23:19:45.747677
454,11.0,14.0,0.0,22.0,1608.0,2019-12-07 23:20:37.707874
455,14.0,14.0,3.0,22.0,1608.0,2019-12-07 23:21:22.864027
456,16.0,14.0,2.0,22.0,1608.0,2019-12-07 23:22:12.393573
457,17.0,14.0,1.0,22.0,1608.0,2019-12-07 23:22:56.650377
458,18.0,14.0,1.0,22.0,1608.0,2019-12-07 23:23:38.183781
459,19.0,14.0,1.0,22.0,1608.0,2019-12-07 23:24:29.805600
460,1.0,14.0,1.0,23.0,1608.0,2019-12-07 23:25:21.217664
461,1.0,14.0,0.0,23.0,1608.0,2019-12-07 23:26:03.471016
462,4.0,14.0,3.0,23.0,1608.0,2019-12-07 23:26:44.732616
463,6.0,14.0,2.0,23.0,1608.0,2019-12-07 23:27:34.229219
464,7.0,14.0,1.0,23.0,1608.0,2019-12-07 23:28:21.086461
465,8.0,14.0,1.0,23.0,1608.0,2019-12-07 23:29:13.471299
466,9.0,14.0,1.0,23.0,1608.0,2019-12-07 23:30:04.170199
467,12.0,14.0,3.0,23.0,1608.0,2019-12-07 23:30:46.406205
468,14.0,14.0,2.0,23.0,1608.0,2019-12-07 23:31:40.003969
469,15.0,14.0,1.0,23.0,1608.0,2019-12-07 23:32:20.618735
470,17.0,14.0,2.0,23.0,1608.0,2019-12-07 23:33:10.093080
471,17.0,14.0,0.0,23.0,1608.0,2019-12-07 23:33:59.051545
472,19.0,14.0,2.0,23.0,1608.0,2019-12-07 23:34:55.411339
473,20.0,14.0,1.0,23.0,1608.0,2019-12-07 23:35:38.953644
474,21.0,14.0,1.0,23.0,1608.0,2019-12-07 23:36:29.182772
475,23.0,14.0,2.0,23.0,1608.0,2019-12-07 23:37:26.611033
476,24.0,14.0,1.0,23.0,1608.0,2019-12-07 23:38:15.813682
477,24.0,14.0,0.0,23.0,1608.0,2019-12-07 23:39:02.478790
478,26.0,14.0,2.0,23.0,1608.0,2019-12-07 23:39:51.192398
479,26.0,14.0,0.0,23.0,1608.0,2019-12-07 23:40:39.681329
480,0.0,14.0,0.0,24.0,1608.0,2019-12-07 23:41:34.771856
481,0.0,14.0,0.0,24.0,1608.0,2019-12-07 23:42:22.292532
482,0.0,14.0,0.0,24.0,1608.0,2019-12-07 23:43:11.148093
483,1.0,14.0,1.0,24.0,1608.0,2019-12-07 23:44:11.404994
484,2.0,14.0,1.0,24.0,1608.0,2019-12-07 23:44:55.315325
485,4.0,14.0,2.0,24.0,1608.0,2019-12-07 23:45:38.998871
486,6.0,14.0,2.0,24.0,1608.0,2019-12-07 23:46:25.154650
487,8.0,14.0,2.0,24.0,1608.0,2019-12-07 23:47:10.170237
488,9.0,14.0,1.0,24.0,1608.0,2019-12-07 23:47:55.060658
489,10.0,14.0,1.0,24.0,1608.0,2019-12-07 23:48:46.836717
490,12.0,14.0,2.0,24.0,1608.0,2019-12-07 23:49:37.105485
491,12.0,14.0,0.0,24.0,1608.0,2019-12-07 23:50:24.276308
492,12.0,14.0,0.0,24.0,1608.0,2019-12-07 23:51:10.894686
493,12.0,14.0,0.0,24.0,1608.0,2019-12-07 23:51:54.597285
494,12.0,14.0,0.0,24.0,1608.0,2019-12-07 23:52:51.065228
495,15.0,14.0,3.0,24.0,1608.0,2019-12-07 23:53:47.604503
496,15.0,14.0,0.0,24.0,1608.0,2019-12-07 23:54:37.242026
497,16.0,14.0,1.0,24.0,1608.0,2019-12-07 23:55:26.495299
498,17.0,14.0,1.0,24.0,1608.0,2019-12-07 23:56:16.527431
499,18.0,14.0,1.0,24.0,1608.0,2019-12-07 23:57:05.139192
500,1.0,14.0,1.0,25.0,1608.0,2019-12-07 23:57:46.344451
501,1.0,14.0,0.0,25.0,1608.0,2019-12-07 23:58:42.397468
502,4.0,14.0,3.0,25.0,1608.0,2019-12-07 23:59:28.301740
503,6.0,14.0,2.0,25.0,1608.0,2019-12-08 00:00:36.223468
504,6.0,14.0,0.0,25.0,1608.0,2019-12-08 00:01:24.787410
505,6.0,14.0,0.0,25.0,1608.0,2019-12-08 00:02:15.775565
506,7.0,14.0,1.0,25.0,1608.0,2019-12-08 00:02:58.580899
507,10.0,14.0,3.0,25.0,1608.0,2019-12-08 00:03:41.601268
508,11.0,14.0,1.0,25.0,1608.0,2019-12-08 00:04:25.352844
509,11.0,14.0,0.0,25.0,1608.0,2019-12-08 00:05:06.342955
510,12.0,14.0,1.0,25.0,1608.0,2019-12-08 00:05:52.391957
511,13.0,14.0,1.0,25.0,1608.0,2019-12-08 00:06:39.719501
512,17.0,14.0,4.0,25.0,1608.0,2019-12-08 00:07:29.848313
513,17.0,14.0,0.0,25.0,1608.0,2019-12-08 00:08:27.234501
514,17.0,14.0,0.0,25.0,1608.0,2019-12-08 00:09:16.266230
515,19.0,14.0,2.0,25.0,1608.0,2019-12-08 00:10:09.509981
516,19.0,14.0,0.0,25.0,1608.0,2019-12-08 00:11:04.977431
517,19.0,14.0,0.0,25.0,1608.0,2019-12-08 00:11:52.389721
518,20.0,14.0,1.0,25.0,1608.0,2019-12-08 00:12:45.749872
519,21.0,14.0,1.0,25.0,1608.0,2019-12-08 00:13:34.116925
520,1.0,14.0,1.0,26.0,1608.0,2019-12-08 00:14:24.559008
521,1.0,14.0,0.0,26.0,1608.0,2019-12-08 00:15:19.083912
522,2.0,14.0,1.0,26.0,1608.0,2019-12-08 00:16:05.462016
523,2.0,14.0,0.0,26.0,1608.0,2019-12-08 00:16:59.530852
524,3.0,14.0,1.0,26.0,1608.0,2019-12-08 00:17:45.323783
525,4.0,14.0,1.0,26.0,1608.0,2019-12-08 00:18:33.569880
526,6.0,14.0,2.0,26.0,1608.0,2019-12-08 00:19:21.790785
527,8.0,14.0,2.0,26.0,1608.0,2019-12-08 00:20:04.539067
528,11.0,14.0,3.0,26.0,1608.0,2019-12-08 00:20:54.436806
529,13.0,14.0,2.0,26.0,1608.0,2019-12-08 00:21:36.018380
530,13.0,14.0,0.0,26.0,1608.0,2019-12-08 00:22:15.993262
531,15.0,14.0,2.0,26.0,1608.0,2019-12-08 00:23:11.271472
532,16.0,14.0,1.0,26.0,1608.0,2019-12-08 00:24:08.617539
533,16.0,14.0,0.0,26.0,1608.0,2019-12-08 00:25:02.697100
534,16.0,14.0,0.0,26.0,1608.0,2019-12-08 00:25:55.806422
535,19.0,14.0,3.0,26.0,1608.0,2019-12-08 00:26:40.403015
536,19.0,14.0,0.0,26.0,1608.0,2019-12-08 00:27:30.495309
537,19.0,14.0,0.0,26.0,1608.0,2019-12-08 00:28:20.354986
538,20.0,14.0,1.0,26.0,1608.0,2019-12-08 00:29:04.186116
539,20.0,14.0,0.0,26.0,1608.0,2019-12-08 00:29:49.332708
540,1.0,14.0,1.0,27.0,1608.0,2019-12-08 00:30:41.398438
541,4.0,14.0,3.0,27.0,1608.0,2019-12-08 00:31:25.484011
542,5.0,14.0,1.0,27.0,1608.0,2019-12-08 00:32:12.534356
543,6.0,14.0,1.0,27.0,1608.0,2019-12-08 00:33:14.405538
544,6.0,14.0,0.0,27.0,1608.0,2019-12-08 00:33:59.972864
545,7.0,14.0,1.0,27.0,1608.0,2019-12-08 00:34:55.665971
546,11.0,14.0,4.0,27.0,1608.0,2019-12-08 00:35:38.510643
547,11.0,14.0,0.0,27.0,1608.0,2019-12-08 00:36:25.300712
548,11.0,14.0,0.0,27.0,1608.0,2019-12-08 00:37:10.776791
549,11.0,14.0,0.0,27.0,1608.0,2019-12-08 00:37:56.599050
550,12.0,14.0,1.0,27.0,1608.0,2019-12-08 00:38:35.222084
551,12.0,14.0,0.0,27.0,1608.0,2019-12-08 00:39:21.398316
552,15.0,14.0,3.0,27.0,1608.0,2019-12-08 00:40:16.050561
553,15.0,14.0,0.0,27.0,1608.0,2019-12-08 00:41:02.415906
554,17.0,14.0,2.0,27.0,1608.0,2019-12-08 00:41:50.370972
555,18.0,14.0,1.0,27.0,1608.0,2019-12-08 00:42:32.281661
556,20.0,14.0,2.0,27.0,1608.0,2019-12-08 00:43:18.704763
557,21.0,14.0,1.0,27.0,1608.0,2019-12-08 00:44:08.800434
558,24.0,14.0,3.0,27.0,1608.0,2019-12-08 00:44:53.534516
559,24.0,14.0,0.0,27.0,1608.0,2019-12-08 00:45:47.078857
560,0.0,14.0,0.0,28.0,1608.0,2019-12-08 00:46:31.538204
561,0.0,14.0,0.0,28.0,1608.0,2019-12-08 00:47:13.093027
562,0.0,14.0,0.0,28.0,1608.0,2019-12-08 00:48:09.445435
563,1.0,14.0,1.0,28.0,1608.0,2019-12-08 00:49:04.325566
564,2.0,14.0,1.0,28.0,1608.0,2019-12-08 00:49:46.962228
565,3.0,14.0,1.0,28.0,1608.0,2019-12-08 00:50:42.920970
566,4.0,14.0,1.0,28.0,1608.0,2019-12-08 00:51:40.404343
567,5.0,14.0,1.0,28.0,1608.0,2019-12-08 00:52:16.813619
568,8.0,14.0,3.0,28.0,1608.0,2019-12-08 00:52:59.907450
569,12.0,14.0,4.0,28.0,1608.0,2019-12-08 00:53:40.389429
570,12.0,14.0,0.0,28.0,1608.0,2019-12-08 00:54:38.523195
571,12.0,14.0,0.0,28.0,1608.0,2019-12-08 00:55:27.239195
572,13.0,14.0,1.0,28.0,1608.0,2019-12-08 00:56:13.773849
573,13.0,14.0,0.0,28.0,1608.0,2019-12-08 00:57:11.520271
574,13.0,14.0,0.0,28.0,1608.0,2019-12-08 00:58:12.570586
575,14.0,14.0,1.0,28.0,1608.0,2019-12-08 00:59:04.066757
576,15.0,14.0,1.0,28.0,1608.0,2019-12-08 00:59:59.882945
577,15.0,14.0,0.0,28.0,1608.0,2019-12-08 01:00:38.005126
578,16.0,14.0,1.0,28.0,1608.0,2019-12-08 01:01:27.314726
579,17.0,14.0,1.0,28.0,1608.0,2019-12-08 01:02:17.472972
580,0.0,14.0,0.0,29.0,1608.0,2019-12-08 01:03:10.882899
581,0.0,14.0,0.0,29.0,1608.0,2019-12-08 01:03:58.631757
582,1.0,14.0,1.0,29.0,1608.0,2019-12-08 01:04:48.371107
583,3.0,14.0,2.0,29.0,1608.0,2019-12-08 01:05:53.159678
584,4.0,14.0,1.0,29.0,1608.0,2019-12-08 01:06:32.156805
585,4.0,14.0,0.0,29.0,1608.0,2019-12-08 01:07:18.463482
586,5.0,14.0,1.0,29.0,1608.0,2019-12-08 01:08:07.784654
587,5.0,14.0,0.0,29.0,1608.0,2019-12-08 01:08:57.835021
588,5.0,14.0,0.0,29.0,1608.0,2019-12-08 01:09:52.117038
589,5.0,14.0,0.0,29.0,1608.0,2019-12-08 01:10:42.615424
590,5.0,14.0,0.0,29.0,1608.0,2019-12-08 01:11:35.407084
591,7.0,14.0,2.0,29.0,1608.0,2019-12-08 01:12:22.839305
592,9.0,14.0,2.0,29.0,1608.0,2019-12-08 01:13:08.717152
593,9.0,14.0,0.0,29.0,1608.0,2019-12-08 01:13:55.794224
594,10.0,14.0,1.0,29.0,1608.0,2019-12-08 01:14:56.934419
595,12.0,14.0,2.0,29.0,1608.0,2019-12-08 01:15:39.589948
596,12.0,14.0,0.0,29.0,1608.0,2019-12-08 01:16:27.648706
597,13.0,14.0,1.0,29.0,1608.0,2019-12-08 01:17:19.956954
598,13.0,14.0,0.0,29.0,1608.0,2019-12-08 01:18:15.814167
599,15.0,14.0,2.0,29.0,1608.0,2019-12-08 01:19:07.759965
600,0.0,14.0,0.0,30.0,1608.0,2019-12-08 01:20:00.568343
601,0.0,14.0,0.0,30.0,1608.0,2019-12-08 01:20:46.889912
602,0.0,14.0,0.0,30.0,1608.0,2019-12-08 01:21:36.361677
603,1.0,14.0,1.0,30.0,1608.0,2019-12-08 01:22:19.957894
604,2.0,14.0,1.0,30.0,1608.0,2019-12-08 01:23:08.746721
605,4.0,14.0,2.0,30.0,1608.0,2019-12-08 01:23:53.049318
606,5.0,14.0,1.0,30.0,1608.0,2019-12-08 01:24:41.390750
607,5.0,14.0,0.0,30.0,1608.0,2019-12-08 01:25:25.618421
608,5.0,14.0,0.0,30.0,1608.0,2019-12-08 01:26:11.732699
609,6.0,14.0,1.0,30.0,1608.0,2019-12-08 01:26:57.921900
610,6.0,14.0,0.0,30.0,1608.0,2019-12-08 01:27:44.848594
611,6.0,14.0,0.0,30.0,1608.0,2019-12-08 01:28:26.514684
612,10.0,14.0,4.0,30.0,1608.0,2019-12-08 01:29:06.142315
613,10.0,14.0,0.0,30.0,1608.0,2019-12-08 01:29:57.140669
614,10.0,14.0,0.0,30.0,1608.0,2019-12-08 01:30:48.098939
615,10.0,14.0,0.0,30.0,1608.0,2019-12-08 01:31:37.396174
616,11.0,14.0,1.0,30.0,1608.0,2019-12-08 01:32:35.738073
617,12.0,14.0,1.0,30.0,1608.0,2019-12-08 01:33:20.778619
618,15.0,14.0,3.0,30.0,1608.0,2019-12-08 01:34:13.921664
619,15.0,14.0,0.0,30.0,1608.0,2019-12-08 01:34:59.088296
620,1.0,14.0,1.0,31.0,1608.0,2019-12-08 01:35:55.999752
621,1.0,14.0,0.0,31.0,1608.0,2019-12-08 01:36:35.862917
622,3.0,14.0,2.0,31.0,1608.0,2019-12-08 01:37:30.018962
623,6.0,14.0,3.0,31.0,1608.0,2019-12-08 01:38:32.104639
624,7.0,14.0,1.0,31.0,1608.0,2019-12-08 01:39:20.538455
625,8.0,14.0,1.0,31.0,1608.0,2019-12-08 01:40:13.434418
626,9.0,14.0,1.0,31.0,1608.0,2019-12-08 01:40:54.426661
627,9.0,14.0,0.0,31.0,1608.0,2019-12-08 01:41:34.702610
628,10.0,14.0,1.0,31.0,1608.0,2019-12-08 01:42:35.835689
629,12.0,14.0,2.0,31.0,1608.0,2019-12-08 01:43:17.851625
630,12.0,14.0,0.0,31.0,1608.0,2019-12-08 01:44:03.727783
631,14.0,14.0,2.0,31.0,1608.0,2019-12-08 01:44:51.326702
632,17.0,14.0,3.0,31.0,1608.0,2019-12-08 01:45:30.576858
633,17.0,14.0,0.0,31.0,1608.0,2019-12-08 01:46:09.312008
634,18.0,14.0,1.0,31.0,1608.0,2019-12-08 01:47:05.956291
635,19.0,14.0,1.0,31.0,1608.0,2019-12-08 01:47:59.633978
636,20.0,14.0,1.0,31.0,1608.0,2019-12-08 01:48:52.502444
637,20.0,14.0,0.0,31.0,1608.0,2019-12-08 01:49:33.358964
638,20.0,14.0,0.0,31.0,1608.0,2019-12-08 01:50:35.056383
639,20.0,14.0,0.0,31.0,1608.0,2019-12-08 01:51:22.400203
640,0.0,14.0,0.0,32.0,1608.0,2019-12-08 01:52:12.613187
641,1.0,14.0,1.0,32.0,1608.0,2019-12-08 01:52:57.202739
642,4.0,14.0,3.0,32.0,1608.0,2019-12-08 01:53:46.531392
643,5.0,14.0,1.0,32.0,1608.0,2019-12-08 01:54:41.512456
644,6.0,14.0,1.0,32.0,1608.0,2019-12-08 01:55:30.041458
645,10.0,14.0,4.0,32.0,1608.0,2019-12-08 01:56:20.869282
646,12.0,14.0,2.0,32.0,1608.0,2019-12-08 01:57:26.474108
647,13.0,14.0,1.0,32.0,1608.0,2019-12-08 01:58:18.415694
648,13.0,14.0,0.0,32.0,1608.0,2019-12-08 01:59:04.697685
649,15.0,14.0,2.0,32.0,1608.0,2019-12-08 01:59:47.633531
650,16.0,14.0,1.0,32.0,1608.0,2019-12-08 02:00:34.721719
651,16.0,14.0,0.0,32.0,1608.0,2019-12-08 02:01:29.395013
652,18.0,14.0,2.0,32.0,1608.0,2019-12-08 02:02:21.171425
653,18.0,14.0,0.0,32.0,1608.0,2019-12-08 02:03:13.264106
654,19.0,14.0,1.0,32.0,1608.0,2019-12-08 02:03:57.387917
655,21.0,14.0,2.0,32.0,1608.0,2019-12-08 02:04:38.568680
656,21.0,14.0,0.0,32.0,1608.0,2019-12-08 02:05:23.090353
657,21.0,14.0,0.0,32.0,1608.0,2019-12-08 02:06:19.003836
658,23.0,14.0,2.0,32.0,1608.0,2019-12-08 02:07:07.782297
659,25.0,14.0,2.0,32.0,1608.0,2019-12-08 02:07:54.771159
660,0.0,14.0,0.0,33.0,1608.0,2019-12-08 02:08:46.145748
661,0.0,14.0,0.0,33.0,1608.0,2019-12-08 02:09:37.776329
662,0.0,14.0,0.0,33.0,1608.0,2019-12-08 02:10:27.050034
663,2.0,14.0,2.0,33.0,1608.0,2019-12-08 02:11:18.146080
664,2.0,14.0,0.0,33.0,1608.0,2019-12-08 02:12:11.036121
665,3.0,14.0,1.0,33.0,1608.0,2019-12-08 02:12:56.435744
666,5.0,14.0,2.0,33.0,1608.0,2019-12-08 02:14:00.533888
667,5.0,14.0,0.0,33.0,1608.0,2019-12-08 02:14:52.392362
668,5.0,14.0,0.0,33.0,1608.0,2019-12-08 02:15:38.930268
669,5.0,14.0,0.0,33.0,1608.0,2019-12-08 02:16:26.171867
670,5.0,14.0,0.0,33.0,1608.0,2019-12-08 02:17:07.302959
671,6.0,14.0,1.0,33.0,1608.0,2019-12-08 02:17:59.123971
672,6.0,14.0,0.0,33.0,1608.0,2019-12-08 02:18:58.517273
673,7.0,14.0,1.0,33.0,1608.0,2019-12-08 02:19:51.987047
674,9.0,14.0,2.0,33.0,1608.0,2019-12-08 02:20:33.446595
675,10.0,14.0,1.0,33.0,1608.0,2019-12-08 02:21:23.702706
676,10.0,14.0,0.0,33.0,1608.0,2019-12-08 02:22:10.844624
677,10.0,14.0,0.0,33.0,1608.0,2019-12-08 02:22:58.351413
678,10.0,14.0,0.0,33.0,1608.0,2019-12-08 02:23:44.609264
679,12.0,14.0,2.0,33.0,1608.0,2019-12-08 02:24:17.685110
680,0.0,14.0,0.0,34.0,1608.0,2019-12-08 02:24:50.815455
681,0.0,14.0,0.0,34.0,1608.0,2019-12-08 02:25:34.514909
682,2.0,14.0,2.0,34.0,1608.0,2019-12-08 02:26:23.301034
683,5.0,14.0,3.0,34.0,1608.0,2019-12-08 02:27:12.761741
684,9.0,14.0,4.0,34.0,1608.0,2019-12-08 02:28:05.080808
685,11.0,14.0,2.0,34.0,1608.0,2019-12-08 02:29:01.323407
686,14.0,14.0,3.0,34.0,1608.0,2019-12-08 02:29:48.620443
687,14.0,14.0,0.0,34.0,1608.0,2019-12-08 02:30:42.309723
688,14.0,14.0,0.0,34.0,1608.0,2019-12-08 02:31:31.201470
689,15.0,14.0,1.0,34.0,1608.0,2019-12-08 02:32:21.924104
690,16.0,14.0,1.0,34.0,1608.0,2019-12-08 02:33:00.583159
691,16.0,14.0,0.0,34.0,1608.0,2019-12-08 02:34:00.292941
692,17.0,14.0,1.0,34.0,1608.0,2019-12-08 02:34:47.021426
693,17.0,14.0,0.0,34.0,1608.0,2019-12-08 02:35:37.946844
694,17.0,14.0,0.0,34.0,1608.0,2019-12-08 02:36:28.236408
695,18.0,14.0,1.0,34.0,1608.0,2019-12-08 02:37:21.862218
696,18.0,14.0,0.0,34.0,1608.0,2019-12-08 02:38:22.216902
697,18.0,14.0,0.0,34.0,1608.0,2019-12-08 02:39:14.368200
698,18.0,14.0,0.0,34.0,1608.0,2019-12-08 02:40:00.423816
699,18.0,14.0,0.0,34.0,1608.0,2019-12-08 02:40:56.197924
700,2.0,14.0,2.0,35.0,1608.0,2019-12-08 02:41:45.631572
701,3.0,14.0,1.0,35.0,1608.0,2019-12-08 02:42:25.755355
702,5.0,14.0,2.0,35.0,1608.0,2019-12-08 02:43:16.073054
703,7.0,14.0,2.0,35.0,1608.0,2019-12-08 02:44:12.140284
704,8.0,14.0,1.0,35.0,1608.0,2019-12-08 02:45:02.676435
705,9.0,14.0,1.0,35.0,1608.0,2019-12-08 02:45:53.224314
706,12.0,14.0,3.0,35.0,1608.0,2019-12-08 02:46:52.603552
707,13.0,14.0,1.0,35.0,1608.0,2019-12-08 02:47:37.776937
708,15.0,14.0,2.0,35.0,1608.0,2019-12-08 02:48:25.950043
709,16.0,14.0,1.0,35.0,1608.0,2019-12-08 02:49:17.796004
710,16.0,14.0,0.0,35.0,1608.0,2019-12-08 02:49:53.247364
711,16.0,14.0,0.0,35.0,1608.0,2019-12-08 02:50:35.855458
712,17.0,14.0,1.0,35.0,1608.0,2019-12-08 02:51:26.627899
713,18.0,14.0,1.0,35.0,1608.0,2019-12-08 02:52:09.484250
714,18.0,14.0,0.0,35.0,1608.0,2019-12-08 02:52:59.995146
715,18.0,14.0,0.0,35.0,1608.0,2019-12-08 02:53:54.991751
716,18.0,14.0,0.0,35.0,1608.0,2019-12-08 02:54:46.628054
717,18.0,14.0,0.0,35.0,1608.0,2019-12-08 02:55:31.043259
718,22.0,14.0,4.0,35.0,1608.0,2019-12-08 02:56:26.310257
719,23.0,14.0,1.0,35.0,1608.0,2019-12-08 02:57:14.471619
720,1.0,14.0,1.0,36.0,1608.0,2019-12-08 02:58:03.270905
721,1.0,14.0,0.0,36.0,1608.0,2019-12-08 02:58:53.474104
722,1.0,14.0,0.0,36.0,1608.0,2019-12-08 02:59:54.385350
723,1.0,14.0,0.0,36.0,1608.0,2019-12-08 03:00:40.425890
724,2.0,14.0,1.0,36.0,1608.0,2019-12-08 03:01:29.528678
725,4.0,14.0,2.0,36.0,1608.0,2019-12-08 03:02:19.139890
726,4.0,14.0,0.0,36.0,1608.0,2019-12-08 03:03:13.827401
727,4.0,14.0,0.0,36.0,1608.0,2019-12-08 03:03:56.042155
728,4.0,14.0,0.0,36.0,1608.0,2019-12-08 03:04:43.476316
729,4.0,14.0,0.0,36.0,1608.0,2019-12-08 03:05:36.516936
730,5.0,14.0,1.0,36.0,1608.0,2019-12-08 03:06:19.791170
731,6.0,14.0,1.0,36.0,1608.0,2019-12-08 03:07:04.128637
732,8.0,14.0,2.0,36.0,1608.0,2019-12-08 03:07:45.824517
733,9.0,14.0,1.0,36.0,1608.0,2019-12-08 03:08:31.545370
734,9.0,14.0,0.0,36.0,1608.0,2019-12-08 03:09:23.513549
735,10.0,14.0,1.0,36.0,1608.0,2019-12-08 03:10:16.931421
736,10.0,14.0,0.0,36.0,1608.0,2019-12-08 03:11:13.226846
737,10.0,14.0,0.0,36.0,1608.0,2019-12-08 03:12:03.006863
738,11.0,14.0,1.0,36.0,1608.0,2019-12-08 03:12:53.852102
739,12.0,14.0,1.0,36.0,1608.0,2019-12-08 03:13:51.079823
740,2.0,14.0,2.0,37.0,1608.0,2019-12-08 03:14:43.475876
741,2.0,14.0,0.0,37.0,1608.0,2019-12-08 03:15:30.117858
742,3.0,14.0,1.0,37.0,1608.0,2019-12-08 03:16:22.254779
743,5.0,14.0,2.0,37.0,1608.0,2019-12-08 03:17:00.640444
744,5.0,14.0,0.0,37.0,1608.0,2019-12-08 03:17:51.410798
745,9.0,14.0,4.0,37.0,1608.0,2019-12-08 03:18:39.119807
746,9.0,14.0,0.0,37.0,1608.0,2019-12-08 03:19:26.097925
747,11.0,14.0,2.0,37.0,1608.0,2019-12-08 03:20:08.556095
748,12.0,14.0,1.0,37.0,1608.0,2019-12-08 03:20:54.291019
749,14.0,14.0,2.0,37.0,1608.0,2019-12-08 03:21:38.853286
750,14.0,14.0,0.0,37.0,1608.0,2019-12-08 03:22:24.582217
751,14.0,14.0,0.0,37.0,1608.0,2019-12-08 03:23:14.660117
752,16.0,14.0,2.0,37.0,1608.0,2019-12-08 03:24:04.401292
753,17.0,14.0,1.0,37.0,1608.0,2019-12-08 03:24:51.018520
754,17.0,14.0,0.0,37.0,1608.0,2019-12-08 03:25:49.174771
755,18.0,14.0,1.0,37.0,1608.0,2019-12-08 03:26:44.215096
756,19.0,14.0,1.0,37.0,1608.0,2019-12-08 03:27:36.768539
757,20.0,14.0,1.0,37.0,1608.0,2019-12-08 03:28:16.358330
758,20.0,14.0,0.0,37.0,1608.0,2019-12-08 03:29:12.213287
759,22.0,14.0,2.0,37.0,1608.0,2019-12-08 03:29:49.738501
760,0.0,14.0,0.0,38.0,1608.0,2019-12-08 03:30:33.755466
761,0.0,14.0,0.0,38.0,1608.0,2019-12-08 03:31:20.333961
762,1.0,14.0,1.0,38.0,1608.0,2019-12-08 03:32:06.110770
763,2.0,14.0,1.0,38.0,1608.0,2019-12-08 03:33:04.805995
764,2.0,14.0,0.0,38.0,1608.0,2019-12-08 03:33:49.924910
765,4.0,14.0,2.0,38.0,1608.0,2019-12-08 03:34:38.002295
766,6.0,14.0,2.0,38.0,1608.0,2019-12-08 03:35:31.219165
767,7.0,14.0,1.0,38.0,1608.0,2019-12-08 03:36:13.944667
768,8.0,14.0,1.0,38.0,1608.0,2019-12-08 03:36:56.862513
769,8.0,14.0,0.0,38.0,1608.0,2019-12-08 03:37:47.797039
770,9.0,14.0,1.0,38.0,1608.0,2019-12-08 03:38:34.474608
771,10.0,14.0,1.0,38.0,1608.0,2019-12-08 03:39:18.312342
772,11.0,14.0,1.0,38.0,1608.0,2019-12-08 03:40:15.060849
773,13.0,14.0,2.0,38.0,1608.0,2019-12-08 03:41:00.420832
774,14.0,14.0,1.0,38.0,1608.0,2019-12-08 03:41:54.975964
775,14.0,14.0,0.0,38.0,1608.0,2019-12-08 03:42:39.892031
776,16.0,14.0,2.0,38.0,1608.0,2019-12-08 03:43:29.138323
777,16.0,14.0,0.0,38.0,1608.0,2019-12-08 03:44:25.307556
778,17.0,14.0,1.0,38.0,1608.0,2019-12-08 03:45:09.639073
779,19.0,14.0,2.0,38.0,1608.0,2019-12-08 03:45:59.802497
780,0.0,14.0,0.0,39.0,1608.0,2019-12-08 03:46:58.961103
781,0.0,14.0,0.0,39.0,1608.0,2019-12-08 03:47:40.638361
782,2.0,14.0,2.0,39.0,1608.0,2019-12-08 03:48:34.290350
783,2.0,14.0,0.0,39.0,1608.0,2019-12-08 03:49:28.877083
784,3.0,14.0,1.0,39.0,1608.0,2019-12-08 03:50:15.169309
785,5.0,14.0,2.0,39.0,1608.0,2019-12-08 03:51:01.808956
786,5.0,14.0,0.0,39.0,1608.0,2019-12-08 03:51:42.093985
787,5.0,14.0,0.0,39.0,1608.0,2019-12-08 03:52:25.651916
788,6.0,14.0,1.0,39.0,1608.0,2019-12-08 03:53:09.504833
789,8.0,14.0,2.0,39.0,1608.0,2019-12-08 03:53:52.313002
790,10.0,14.0,2.0,39.0,1608.0,2019-12-08 03:54:41.963987
791,11.0,14.0,1.0,39.0,1608.0,2019-12-08 03:55:34.835136
792,13.0,14.0,2.0,39.0,1608.0,2019-12-08 03:56:15.653343
793,13.0,14.0,0.0,39.0,1608.0,2019-12-08 03:57:13.020269
794,13.0,14.0,0.0,39.0,1608.0,2019-12-08 03:58:04.308953
795,14.0,14.0,1.0,39.0,1608.0,2019-12-08 03:58:51.756634
796,15.0,14.0,1.0,39.0,1608.0,2019-12-08 03:59:45.784788
797,15.0,14.0,0.0,39.0,1608.0,2019-12-08 04:00:34.495114
798,16.0,14.0,1.0,39.0,1608.0,2019-12-08 04:01:18.646312
799,16.0,14.0,0.0,39.0,1608.0,2019-12-08 04:02:12.541789
800,0.0,14.0,0.0,40.0,1608.0,2019-12-08 04:02:54.282988
801,1.0,14.0,1.0,40.0,1608.0,2019-12-08 04:03:43.472072
802,1.0,14.0,0.0,40.0,1608.0,2019-12-08 04:04:35.222371
803,2.0,14.0,1.0,40.0,1608.0,2019-12-08 04:05:29.193372
804,3.0,14.0,1.0,40.0,1608.0,2019-12-08 04:06:23.694738
805,4.0,14.0,1.0,40.0,1608.0,2019-12-08 04:07:06.213140
806,5.0,14.0,1.0,40.0,1608.0,2019-12-08 04:07:48.372058
807,5.0,14.0,0.0,40.0,1608.0,2019-12-08 04:08:24.702629
808,5.0,14.0,0.0,40.0,1608.0,2019-12-08 04:09:07.157064
809,7.0,14.0,2.0,40.0,1608.0,2019-12-08 04:09:59.081159
810,8.0,14.0,1.0,40.0,1608.0,2019-12-08 04:10:40.308183
811,9.0,14.0,1.0,40.0,1608.0,2019-12-08 04:11:31.591759
812,11.0,14.0,2.0,40.0,1608.0,2019-12-08 04:12:18.390225
813,11.0,14.0,0.0,40.0,1608.0,2019-12-08 04:13:14.092583
814,11.0,14.0,0.0,40.0,1608.0,2019-12-08 04:14:01.953422
815,11.0,14.0,0.0,40.0,1608.0,2019-12-08 04:14:51.528984
816,13.0,14.0,2.0,40.0,1608.0,2019-12-08 04:15:44.977966
817,13.0,14.0,0.0,40.0,1608.0,2019-12-08 04:16:38.844643
818,15.0,14.0,2.0,40.0,1608.0,2019-12-08 04:17:26.369320
819,16.0,14.0,1.0,40.0,1608.0,2019-12-08 04:18:17.439952
820,1.0,14.0,1.0,41.0,1608.0,2019-12-08 04:19:08.183991
821,1.0,14.0,0.0,41.0,1608.0,2019-12-08 04:19:58.185557
822,1.0,14.0,0.0,41.0,1608.0,2019-12-08 04:20:58.448478
823,1.0,14.0,0.0,41.0,1608.0,2019-12-08 04:22:02.294336
824,1.0,14.0,0.0,41.0,1608.0,2019-12-08 04:22:50.531033
825,2.0,14.0,1.0,41.0,1608.0,2019-12-08 04:23:33.300962
826,5.0,14.0,3.0,41.0,1608.0,2019-12-08 04:24:24.816979
827,6.0,14.0,1.0,41.0,1608.0,2019-12-08 04:25:07.903303
828,6.0,14.0,0.0,41.0,1608.0,2019-12-08 04:26:04.134222
829,7.0,14.0,1.0,41.0,1608.0,2019-12-08 04:26:53.426655
830,7.0,14.0,0.0,41.0,1608.0,2019-12-08 04:27:42.082060
831,7.0,14.0,0.0,41.0,1608.0,2019-12-08 04:28:23.748681
832,8.0,14.0,1.0,41.0,1608.0,2019-12-08 04:29:16.176030
833,8.0,14.0,0.0,41.0,1608.0,2019-12-08 04:30:10.954470
834,8.0,14.0,0.0,41.0,1608.0,2019-12-08 04:31:07.777585
835,8.0,14.0,0.0,41.0,1608.0,2019-12-08 04:31:52.498233
836,8.0,14.0,0.0,41.0,1608.0,2019-12-08 04:32:45.383291
837,8.0,14.0,0.0,41.0,1608.0,2019-12-08 04:33:36.445840
838,9.0,14.0,1.0,41.0,1608.0,2019-12-08 04:34:16.470612
839,12.0,14.0,3.0,41.0,1608.0,2019-12-08 04:35:01.361322
840,2.0,14.0,2.0,42.0,1608.0,2019-12-08 04:35:50.266645
841,2.0,14.0,0.0,42.0,1608.0,2019-12-08 04:36:40.082503
842,4.0,14.0,2.0,42.0,1608.0,2019-12-08 04:37:25.779308
843,4.0,14.0,0.0,42.0,1608.0,2019-12-08 04:38:11.469013
844,5.0,14.0,1.0,42.0,1608.0,2019-12-08 04:38:56.085723
845,6.0,14.0,1.0,42.0,1608.0,2019-12-08 04:39:44.526865
846,7.0,14.0,1.0,42.0,1608.0,2019-12-08 04:40:42.779810
847,8.0,14.0,1.0,42.0,1608.0,2019-12-08 04:41:32.002751
848,9.0,14.0,1.0,42.0,1608.0,2019-12-08 04:42:23.509129
849,13.0,14.0,4.0,42.0,1608.0,2019-12-08 04:43:15.442194
850,15.0,14.0,2.0,42.0,1608.0,2019-12-08 04:44:06.957963
851,16.0,14.0,1.0,42.0,1608.0,2019-12-08 04:44:52.984553
852,19.0,14.0,3.0,42.0,1608.0,2019-12-08 04:45:39.850363
853,19.0,14.0,0.0,42.0,1608.0,2019-12-08 04:46:41.623341
854,20.0,14.0,1.0,42.0,1608.0,2019-12-08 04:47:36.589134
855,20.0,14.0,0.0,42.0,1608.0,2019-12-08 04:48:27.676203
856,23.0,14.0,3.0,42.0,1608.0,2019-12-08 04:49:17.627870
857,23.0,14.0,0.0,42.0,1608.0,2019-12-08 04:50:09.387788
858,24.0,14.0,1.0,42.0,1608.0,2019-12-08 04:50:57.390281
859,24.0,14.0,0.0,42.0,1608.0,2019-12-08 04:51:41.350168
860,0.0,14.0,0.0,43.0,1608.0,2019-12-08 04:52:33.567850
861,0.0,14.0,0.0,43.0,1608.0,2019-12-08 04:53:23.231434
862,1.0,14.0,1.0,43.0,1608.0,2019-12-08 04:54:11.493012
863,2.0,14.0,1.0,43.0,1608.0,2019-12-08 04:55:03.499179
864,2.0,14.0,0.0,43.0,1608.0,2019-12-08 04:55:45.950342
865,3.0,14.0,1.0,43.0,1608.0,2019-12-08 04:56:31.523353
866,3.0,14.0,0.0,43.0,1608.0,2019-12-08 04:57:17.596884
867,4.0,14.0,1.0,43.0,1608.0,2019-12-08 04:58:04.818584
868,5.0,14.0,1.0,43.0,1608.0,2019-12-08 04:58:57.803180
869,6.0,14.0,1.0,43.0,1608.0,2019-12-08 04:59:45.240799
870,7.0,14.0,1.0,43.0,1608.0,2019-12-08 05:00:32.256659
871,7.0,14.0,0.0,43.0,1608.0,2019-12-08 05:01:18.442089
872,7.0,14.0,0.0,43.0,1608.0,2019-12-08 05:02:03.754339
873,7.0,14.0,0.0,43.0,1608.0,2019-12-08 05:03:07.273792
874,7.0,14.0,0.0,43.0,1608.0,2019-12-08 05:03:58.460285
875,7.0,14.0,0.0,43.0,1608.0,2019-12-08 05:04:44.551093
876,7.0,14.0,0.0,43.0,1608.0,2019-12-08 05:05:37.453840
877,8.0,14.0,1.0,43.0,1608.0,2019-12-08 05:06:26.869096
878,8.0,14.0,0.0,43.0,1608.0,2019-12-08 05:07:14.912795
879,8.0,14.0,0.0,43.0,1608.0,2019-12-08 05:08:01.096895
880,1.0,14.0,1.0,44.0,1608.0,2019-12-08 05:08:54.938222
881,1.0,14.0,0.0,44.0,1608.0,2019-12-08 05:09:38.424219
882,2.0,14.0,1.0,44.0,1608.0,2019-12-08 05:10:24.619452
883,3.0,14.0,1.0,44.0,1608.0,2019-12-08 05:11:25.921962
884,4.0,14.0,1.0,44.0,1608.0,2019-12-08 05:12:12.108529
885,4.0,14.0,0.0,44.0,1608.0,2019-12-08 05:13:06.954379
886,4.0,14.0,0.0,44.0,1608.0,2019-12-08 05:14:02.969640
887,5.0,14.0,1.0,44.0,1608.0,2019-12-08 05:14:50.296026
888,5.0,14.0,0.0,44.0,1608.0,2019-12-08 05:15:41.959054
889,8.0,14.0,3.0,44.0,1608.0,2019-12-08 05:16:36.841389
890,9.0,14.0,1.0,44.0,1608.0,2019-12-08 05:17:25.497605
891,9.0,14.0,0.0,44.0,1608.0,2019-12-08 05:18:15.759542
892,10.0,14.0,1.0,44.0,1608.0,2019-12-08 05:18:59.856658
893,10.0,14.0,0.0,44.0,1608.0,2019-12-08 05:19:49.298574
894,12.0,14.0,2.0,44.0,1608.0,2019-12-08 05:20:46.623649
895,12.0,14.0,0.0,44.0,1608.0,2019-12-08 05:21:28.569649
896,14.0,14.0,2.0,44.0,1608.0,2019-12-08 05:22:13.174459
897,15.0,14.0,1.0,44.0,1608.0,2019-12-08 05:23:00.077026
898,17.0,14.0,2.0,44.0,1608.0,2019-12-08 05:23:48.162263
899,18.0,14.0,1.0,44.0,1608.0,2019-12-08 05:24:34.463662
900,0.0,14.0,0.0,45.0,1608.0,2019-12-08 05:25:21.965713
901,3.0,14.0,3.0,45.0,1608.0,2019-12-08 05:26:14.873873
902,4.0,14.0,1.0,45.0,1608.0,2019-12-08 05:27:05.335949
903,6.0,14.0,2.0,45.0,1608.0,2019-12-08 05:28:05.460263
904,7.0,14.0,1.0,45.0,1608.0,2019-12-08 05:28:52.515544
905,10.0,14.0,3.0,45.0,1608.0,2019-12-08 05:29:41.743187
906,11.0,14.0,1.0,45.0,1608.0,2019-12-08 05:30:29.858767
907,12.0,14.0,1.0,45.0,1608.0,2019-12-08 05:31:14.009542
908,13.0,14.0,1.0,45.0,1608.0,2019-12-08 05:32:01.529467
909,14.0,14.0,1.0,45.0,1608.0,2019-12-08 05:32:43.292386
910,15.0,14.0,1.0,45.0,1608.0,2019-12-08 05:33:30.226513
911,15.0,14.0,0.0,45.0,1608.0,2019-12-08 05:34:28.604332
912,16.0,14.0,1.0,45.0,1608.0,2019-12-08 05:35:09.498929
913,16.0,14.0,0.0,45.0,1608.0,2019-12-08 05:36:10.426892
914,16.0,14.0,0.0,45.0,1608.0,2019-12-08 05:37:04.416133
915,16.0,14.0,0.0,45.0,1608.0,2019-12-08 05:37:51.329951
916,16.0,14.0,0.0,45.0,1608.0,2019-12-08 05:38:47.519899
917,17.0,14.0,1.0,45.0,1608.0,2019-12-08 05:39:35.617037
918,18.0,14.0,1.0,45.0,1608.0,2019-12-08 05:40:25.850119
919,20.0,14.0,2.0,45.0,1608.0,2019-12-08 05:41:18.585678
920,1.0,14.0,1.0,46.0,1608.0,2019-12-08 05:42:08.041384
921,1.0,14.0,0.0,46.0,1608.0,2019-12-08 05:42:47.590884
922,2.0,14.0,1.0,46.0,1608.0,2019-12-08 05:43:42.193987
923,4.0,14.0,2.0,46.0,1608.0,2019-12-08 05:44:40.122995
924,5.0,14.0,1.0,46.0,1608.0,2019-12-08 05:45:19.912553
925,7.0,14.0,2.0,46.0,1608.0,2019-12-08 05:46:12.065558
926,8.0,14.0,1.0,46.0,1608.0,2019-12-08 05:47:14.907736
927,8.0,14.0,0.0,46.0,1608.0,2019-12-08 05:48:01.029214
928,8.0,14.0,0.0,46.0,1608.0,2019-12-08 05:48:52.877216
929,10.0,14.0,2.0,46.0,1608.0,2019-12-08 05:49:46.201683
930,10.0,14.0,0.0,46.0,1608.0,2019-12-08 05:50:36.918497
931,10.0,14.0,0.0,46.0,1608.0,2019-12-08 05:51:28.844015
932,12.0,14.0,2.0,46.0,1608.0,2019-12-08 05:52:19.013230
933,13.0,14.0,1.0,46.0,1608.0,2019-12-08 05:53:13.922608
934,14.0,14.0,1.0,46.0,1608.0,2019-12-08 05:54:14.223452
935,15.0,14.0,1.0,46.0,1608.0,2019-12-08 05:55:02.887923
936,16.0,14.0,1.0,46.0,1608.0,2019-12-08 05:55:55.139399
937,16.0,14.0,0.0,46.0,1608.0,2019-12-08 05:56:47.410465
938,19.0,14.0,3.0,46.0,1608.0,2019-12-08 05:57:37.875721
939,20.0,14.0,1.0,46.0,1608.0,2019-12-08 05:58:27.174799
940,0.0,14.0,0.0,47.0,1608.0,2019-12-08 05:59:20.785571
941,0.0,14.0,0.0,47.0,1608.0,2019-12-08 06:00:26.067871
942,0.0,14.0,0.0,47.0,1608.0,2019-12-08 06:01:16.997390
943,1.0,14.0,1.0,47.0,1608.0,2019-12-08 06:02:09.076712
944,1.0,14.0,0.0,47.0,1608.0,2019-12-08 06:03:00.654432
945,2.0,14.0,1.0,47.0,1608.0,2019-12-08 06:03:54.387579
946,2.0,14.0,0.0,47.0,1608.0,2019-12-08 06:04:39.154405
947,3.0,14.0,1.0,47.0,1608.0,2019-12-08 06:05:29.942539
948,4.0,14.0,1.0,47.0,1608.0,2019-12-08 06:06:16.577960
949,5.0,14.0,1.0,47.0,1608.0,2019-12-08 06:07:09.278503
950,6.0,14.0,1.0,47.0,1608.0,2019-12-08 06:07:55.743086
951,7.0,14.0,1.0,47.0,1608.0,2019-12-08 06:08:43.360224
952,11.0,14.0,4.0,47.0,1608.0,2019-12-08 06:09:28.999315
953,11.0,14.0,0.0,47.0,1608.0,2019-12-08 06:10:21.733670
954,11.0,14.0,0.0,47.0,1608.0,2019-12-08 06:11:19.073328
955,12.0,14.0,1.0,47.0,1608.0,2019-12-08 06:12:09.930602
956,13.0,14.0,1.0,47.0,1608.0,2019-12-08 06:12:58.365876
957,14.0,14.0,1.0,47.0,1608.0,2019-12-08 06:13:52.439819
958,17.0,14.0,3.0,47.0,1608.0,2019-12-08 06:14:40.853931
959,19.0,14.0,2.0,47.0,1608.0,2019-12-08 06:15:26.638275
960,1.0,14.0,1.0,48.0,1608.0,2019-12-08 06:16:17.072995
961,1.0,14.0,0.0,48.0,1608.0,2019-12-08 06:17:10.985672
962,2.0,14.0,1.0,48.0,1608.0,2019-12-08 06:18:00.587025
963,4.0,14.0,2.0,48.0,1608.0,2019-12-08 06:18:57.577967
964,4.0,14.0,0.0,48.0,1608.0,2019-12-08 06:19:46.897268
965,4.0,14.0,0.0,48.0,1608.0,2019-12-08 06:20:30.450193
966,6.0,14.0,2.0,48.0,1608.0,2019-12-08 06:21:28.222195
967,7.0,14.0,1.0,48.0,1608.0,2019-12-08 06:22:19.258685
968,9.0,14.0,2.0,48.0,1608.0,2019-12-08 06:23:16.250409
969,10.0,14.0,1.0,48.0,1608.0,2019-12-08 06:24:01.196974
970,10.0,14.0,0.0,48.0,1608.0,2019-12-08 06:24:44.994723
971,10.0,14.0,0.0,48.0,1608.0,2019-12-08 06:25:45.747694
972,13.0,14.0,3.0,48.0,1608.0,2019-12-08 06:26:47.378515
973,13.0,14.0,0.0,48.0,1608.0,2019-12-08 06:27:43.700313
974,13.0,14.0,0.0,48.0,1608.0,2019-12-08 06:28:30.645386
975,15.0,14.0,2.0,48.0,1608.0,2019-12-08 06:29:17.713633
976,16.0,14.0,1.0,48.0,1608.0,2019-12-08 06:30:07.255354
977,16.0,14.0,0.0,48.0,1608.0,2019-12-08 06:30:56.353714
978,17.0,14.0,1.0,48.0,1608.0,2019-12-08 06:31:40.498905
979,17.0,14.0,0.0,48.0,1608.0,2019-12-08 06:32:28.510021
980,2.0,14.0,2.0,49.0,1608.0,2019-12-08 06:33:14.380218
981,3.0,14.0,1.0,49.0,1608.0,2019-12-08 06:34:01.157831
982,4.0,14.0,1.0,49.0,1608.0,2019-12-08 06:34:50.988450
983,4.0,14.0,0.0,49.0,1608.0,2019-12-08 06:35:39.497824
984,4.0,14.0,0.0,49.0,1608.0,2019-12-08 06:36:27.228392
985,6.0,14.0,2.0,49.0,1608.0,2019-12-08 06:37:19.773932
986,7.0,14.0,1.0,49.0,1608.0,2019-12-08 06:38:18.554373
987,8.0,14.0,1.0,49.0,1608.0,2019-12-08 06:38:54.920231
988,8.0,14.0,0.0,49.0,1608.0,2019-12-08 06:39:43.867017
989,9.0,14.0,1.0,49.0,1608.0,2019-12-08 06:40:31.381258
990,11.0,14.0,2.0,49.0,1608.0,2019-12-08 06:41:17.018813
991,13.0,14.0,2.0,49.0,1608.0,2019-12-08 06:42:04.215855
992,19.0,14.0,6.0,49.0,1608.0,2019-12-08 06:42:53.438246
993,19.0,14.0,0.0,49.0,1608.0,2019-12-08 06:43:46.572063
994,19.0,14.0,0.0,49.0,1608.0,2019-12-08 06:44:38.984865
995,20.0,14.0,1.0,49.0,1608.0,2019-12-08 06:45:27.614165
996,20.0,14.0,0.0,49.0,1608.0,2019-12-08 06:46:18.318752
997,20.0,14.0,0.0,49.0,1608.0,2019-12-08 06:47:08.976630
998,21.0,14.0,1.0,49.0,1608.0,2019-12-08 06:48:09.184836
999,22.0,14.0,1.0,49.0,1608.0,2019-12-08 06:48:52.427665
1000,1.0,14.0,1.0,50.0,1608.0,2019-12-08 06:49:46.104154
1001,1.0,14.0,0.0,50.0,1608.0,2019-12-08 06:50:36.464985
1002,3.0,14.0,2.0,50.0,1608.0,2019-12-08 06:51:31.674924
1003,5.0,14.0,2.0,50.0,1608.0,2019-12-08 06:52:16.471697
1004,5.0,14.0,0.0,50.0,1608.0,2019-12-08 06:53:08.126911
1005,6.0,14.0,1.0,50.0,1608.0,2019-12-08 06:53:57.085106
1006,11.0,14.0,5.0,50.0,1608.0,2019-12-08 06:54:44.801600
1007,11.0,14.0,0.0,50.0,1608.0,2019-12-08 06:55:18.563295
1008,11.0,14.0,0.0,50.0,1608.0,2019-12-08 06:56:15.104618
1009,11.0,14.0,0.0,50.0,1608.0,2019-12-08 06:57:02.205741
1010,13.0,14.0,2.0,50.0,1608.0,2019-12-08 06:57:37.874713
1011,14.0,14.0,1.0,50.0,1608.0,2019-12-08 06:58:39.506637
1012,16.0,14.0,2.0,50.0,1608.0,2019-12-08 06:59:22.264668
1013,16.0,14.0,0.0,50.0,1608.0,2019-12-08 07:00:06.258343
1014,16.0,14.0,0.0,50.0,1608.0,2019-12-08 07:00:55.724526
1015,16.0,14.0,0.0,50.0,1608.0,2019-12-08 07:01:49.322291
1016,16.0,14.0,0.0,50.0,1608.0,2019-12-08 07:02:36.470196
1017,16.0,14.0,0.0,50.0,1608.0,2019-12-08 07:03:27.100311
1018,17.0,14.0,1.0,50.0,1608.0,2019-12-08 07:04:11.685118
1019,17.0,14.0,0.0,50.0,1608.0,2019-12-08 07:05:03.075538
1020,0.0,14.0,0.0,51.0,1608.0,2019-12-08 07:05:54.472984
1021,0.0,14.0,0.0,51.0,1608.0,2019-12-08 07:06:40.374586
1022,1.0,14.0,1.0,51.0,1608.0,2019-12-08 07:07:23.167210
1023,2.0,14.0,1.0,51.0,1608.0,2019-12-08 07:08:18.871001
1024,2.0,14.0,0.0,51.0,1608.0,2019-12-08 07:09:09.396161
1025,4.0,14.0,2.0,51.0,1608.0,2019-12-08 07:10:01.893768
1026,6.0,14.0,2.0,51.0,1608.0,2019-12-08 07:10:53.189878
1027,6.0,14.0,0.0,51.0,1608.0,2019-12-08 07:11:39.615386
1028,7.0,14.0,1.0,51.0,1608.0,2019-12-08 07:12:29.410751
1029,9.0,14.0,2.0,51.0,1608.0,2019-12-08 07:13:13.144145
1030,9.0,14.0,0.0,51.0,1608.0,2019-12-08 07:14:05.683320
1031,10.0,14.0,1.0,51.0,1608.0,2019-12-08 07:15:00.497502
1032,13.0,14.0,3.0,51.0,1608.0,2019-12-08 07:15:50.126099
1033,13.0,14.0,0.0,51.0,1608.0,2019-12-08 07:16:39.251616
1034,13.0,14.0,0.0,51.0,1608.0,2019-12-08 07:17:30.922791
1035,14.0,14.0,1.0,51.0,1608.0,2019-12-08 07:18:19.262141
1036,15.0,14.0,1.0,51.0,1608.0,2019-12-08 07:19:10.941958
1037,15.0,14.0,0.0,51.0,1608.0,2019-12-08 07:19:54.494755
1038,17.0,14.0,2.0,51.0,1608.0,2019-12-08 07:20:46.270612
1039,19.0,14.0,2.0,51.0,1608.0,2019-12-08 07:21:38.880809
1040,0.0,14.0,0.0,52.0,1608.0,2019-12-08 07:22:34.268374
1041,1.0,14.0,1.0,52.0,1608.0,2019-12-08 07:23:28.063399
1042,3.0,14.0,2.0,52.0,1608.0,2019-12-08 07:24:22.250275
1043,7.0,14.0,4.0,52.0,1608.0,2019-12-08 07:25:07.298956
1044,7.0,14.0,0.0,52.0,1608.0,2019-12-08 07:25:52.395363
1045,8.0,14.0,1.0,52.0,1608.0,2019-12-08 07:26:48.800979
1046,9.0,14.0,1.0,52.0,1608.0,2019-12-08 07:27:40.138680
1047,10.0,14.0,1.0,52.0,1608.0,2019-12-08 07:28:19.708970
1048,10.0,14.0,0.0,52.0,1608.0,2019-12-08 07:29:09.077399
1049,10.0,14.0,0.0,52.0,1608.0,2019-12-08 07:29:56.010618
1050,11.0,14.0,1.0,52.0,1608.0,2019-12-08 07:30:42.293522
1051,12.0,14.0,1.0,52.0,1608.0,2019-12-08 07:31:32.741135
1052,14.0,14.0,2.0,52.0,1608.0,2019-12-08 07:32:24.466552
1053,14.0,14.0,0.0,52.0,1608.0,2019-12-08 07:33:12.230196
1054,15.0,14.0,1.0,52.0,1608.0,2019-12-08 07:34:05.310710
1055,16.0,14.0,1.0,52.0,1608.0,2019-12-08 07:35:00.940185
1056,16.0,14.0,0.0,52.0,1608.0,2019-12-08 07:35:49.646523
1057,17.0,14.0,1.0,52.0,1608.0,2019-12-08 07:36:33.867115
1058,18.0,14.0,1.0,52.0,1608.0,2019-12-08 07:37:22.457867
1059,18.0,14.0,0.0,52.0,1608.0,2019-12-08 07:38:09.009289
1060,2.0,14.0,2.0,53.0,1608.0,2019-12-08 07:39:07.516506
1061,3.0,14.0,1.0,53.0,1608.0,2019-12-08 07:39:54.019571
1062,4.0,14.0,1.0,53.0,1608.0,2019-12-08 07:40:37.159977
1063,6.0,14.0,2.0,53.0,1608.0,2019-12-08 07:41:44.839598
1064,6.0,14.0,0.0,53.0,1608.0,2019-12-08 07:42:46.287716
1065,7.0,14.0,1.0,53.0,1608.0,2019-12-08 07:43:35.939876
1066,7.0,14.0,0.0,53.0,1608.0,2019-12-08 07:44:27.408935
1067,7.0,14.0,0.0,53.0,1608.0,2019-12-08 07:45:02.924673
1068,8.0,14.0,1.0,53.0,1608.0,2019-12-08 07:45:45.636761
1069,8.0,14.0,0.0,53.0,1608.0,2019-12-08 07:46:36.297497
1070,9.0,14.0,1.0,53.0,1608.0,2019-12-08 07:47:23.106097
1071,9.0,14.0,0.0,53.0,1608.0,2019-12-08 07:48:07.123188
1072,11.0,14.0,2.0,53.0,1608.0,2019-12-08 07:48:48.115796
1073,14.0,14.0,3.0,53.0,1608.0,2019-12-08 07:49:37.556315
1074,14.0,14.0,0.0,53.0,1608.0,2019-12-08 07:50:36.276220
1075,17.0,14.0,3.0,53.0,1608.0,2019-12-08 07:51:28.704950
1076,18.0,14.0,1.0,53.0,1608.0,2019-12-08 07:52:16.879661
1077,18.0,14.0,0.0,53.0,1608.0,2019-12-08 07:53:04.255624
1078,19.0,14.0,1.0,53.0,1608.0,2019-12-08 07:53:51.191246
1079,19.0,14.0,0.0,53.0,1608.0,2019-12-08 07:54:38.240713
